question_id,is_correct,op,out_degree
gsm-hard-0,True,extract_fact,1
gsm-hard-0,True,extract_fact,2
gsm-hard-0,True,arithmetic,1
gsm-hard-0,True,arithmetic,1
gsm-hard-0,True,arithmetic,2
gsm-hard-0,True,verify,1
gsm-hard-0,True,conclude,0
gsm-hard-1,True,extract_fact,1
gsm-hard-1,True,extract_fact,1
gsm-hard-1,True,extract_fact,1
gsm-hard-1,True,arithmetic,1
gsm-hard-1,True,arithmetic,1
gsm-hard-1,True,conclude,0
gsm-hard-2,False,extract_fact,2
gsm-hard-2,False,extract_fact,1
gsm-hard-2,False,extract_fact,1
gsm-hard-2,False,arithmetic,2
gsm-hard-2,False,verify,1
gsm-hard-2,False,arithmetic,1
gsm-hard-2,False,arithmetic,1
gsm-hard-2,False,conclude,0
gsm-hard-3,True,extract_fact,2
gsm-hard-3,True,extract_fact,1
gsm-hard-3,True,extract_fact,1
gsm-hard-3,True,arithmetic,1
gsm-hard-3,True,arithmetic,1
gsm-hard-3,True,arithmetic,1
gsm-hard-3,True,other,1
gsm-hard-3,True,arithmetic,1
gsm-hard-3,True,conclude,0
gsm-hard-4,True,extract_fact,2
gsm-hard-4,True,substitute,2
gsm-hard-4,True,arithmetic,2
gsm-hard-4,True,arithmetic,1
gsm-hard-4,True,arithmetic,1
gsm-hard-4,True,conclude,0
gsm-hard-5,True,extract_fact,1
gsm-hard-5,True,extract_fact,1
gsm-hard-5,True,extract_fact,1
gsm-hard-5,True,extract_fact,2
gsm-hard-5,True,arithmetic,2
gsm-hard-5,True,arithmetic,1
gsm-hard-5,True,arithmetic,1
gsm-hard-5,True,arithmetic,1
gsm-hard-5,True,conclude,0
gsm-hard-6,True,extract_fact,3
gsm-hard-6,True,extract_fact,3
gsm-hard-6,True,arithmetic,1
gsm-hard-6,True,arithmetic,1
gsm-hard-6,True,arithmetic,2
gsm-hard-6,True,arithmetic,1
gsm-hard-6,True,arithmetic,1
gsm-hard-6,True,arithmetic,1
gsm-hard-6,True,arithmetic,1
gsm-hard-6,True,conclude,0
gsm-hard-7,True,extract_fact,2
gsm-hard-7,True,arithmetic,0
gsm-hard-7,True,arithmetic,1
gsm-hard-7,True,arithmetic,1
gsm-hard-7,True,arithmetic,1
gsm-hard-7,True,arithmetic,1
gsm-hard-7,True,arithmetic,1
gsm-hard-7,True,conclude,0
gsm-hard-8,True,extract_fact,2
gsm-hard-8,True,extract_fact,0
gsm-hard-8,True,extract_fact,1
gsm-hard-8,True,arithmetic,1
gsm-hard-8,True,arithmetic,1
gsm-hard-8,True,arithmetic,1
gsm-hard-8,True,arithmetic,1
gsm-hard-8,True,conclude,0
gsm-hard-9,False,extract_fact,1
gsm-hard-9,False,extract_fact,1
gsm-hard-9,False,other,1
gsm-hard-9,False,conclude,1
gsm-hard-9,False,arithmetic,1
gsm-hard-9,False,conclude,0
gsm-hard-10,True,extract_fact,3
gsm-hard-10,True,arithmetic,1
gsm-hard-10,True,arithmetic,1
gsm-hard-10,True,arithmetic,1
gsm-hard-10,True,arithmetic,1
gsm-hard-10,True,conclude,0
gsm-hard-11,True,extract_fact,1
gsm-hard-11,True,extract_fact,1
gsm-hard-11,True,extract_fact,1
gsm-hard-11,True,arithmetic,1
gsm-hard-11,True,arithmetic,1
gsm-hard-11,True,conclude,0
gsm-hard-12,True,extract_fact,1
gsm-hard-12,True,extract_fact,1
gsm-hard-12,True,extract_fact,1
gsm-hard-12,True,arithmetic,1
gsm-hard-12,True,arithmetic,1
gsm-hard-12,True,arithmetic,1
gsm-hard-12,True,conclude,0
gsm-hard-13,True,extract_fact,1
gsm-hard-13,True,extract_fact,1
gsm-hard-13,True,arithmetic,1
gsm-hard-13,True,arithmetic,1
gsm-hard-13,True,arithmetic,1
gsm-hard-13,True,conclude,0
gsm-hard-14,True,extract_fact,2
gsm-hard-14,True,arithmetic,1
gsm-hard-14,True,arithmetic,2
gsm-hard-14,True,extract_fact,1
gsm-hard-14,True,arithmetic,1
gsm-hard-14,True,arithmetic,1
gsm-hard-14,True,extract_fact,1
gsm-hard-14,True,arithmetic,1
gsm-hard-14,True,conclude,0
gsm-hard-15,True,extract_fact,2
gsm-hard-15,True,arithmetic,1
gsm-hard-15,True,arithmetic,1
gsm-hard-15,True,arithmetic,1
gsm-hard-15,True,conclude,0
gsm-hard-16,True,extract_fact,1
gsm-hard-16,True,extract_fact,1
gsm-hard-16,True,substitute,1
gsm-hard-16,True,arithmetic,1
gsm-hard-16,True,arithmetic,1
gsm-hard-16,True,arithmetic,1
gsm-hard-16,True,conclude,0
gsm-hard-17,True,extract_fact,2
gsm-hard-17,True,arithmetic,1
gsm-hard-17,True,arithmetic,2
gsm-hard-17,True,arithmetic,1
gsm-hard-17,True,arithmetic,1
gsm-hard-17,True,arithmetic,1
gsm-hard-17,True,conclude,0
gsm-hard-18,False,extract_fact,1
gsm-hard-18,False,extract_fact,1
gsm-hard-18,False,arithmetic,2
gsm-hard-18,False,arithmetic,1
gsm-hard-18,False,arithmetic,1
gsm-hard-18,False,arithmetic,2
gsm-hard-18,False,arithmetic,1
gsm-hard-18,False,arithmetic,1
gsm-hard-18,False,arithmetic,1
gsm-hard-18,False,conclude,0
gsm-hard-19,True,extract_fact,1
gsm-hard-19,True,arithmetic,1
gsm-hard-19,True,arithmetic,1
gsm-hard-19,True,extract_fact,1
gsm-hard-19,True,arithmetic,1
gsm-hard-19,True,conclude,0
gsm-hard-20,False,extract_fact,1
gsm-hard-20,False,extract_fact,2
gsm-hard-20,False,arithmetic,1
gsm-hard-20,False,arithmetic,1
gsm-hard-20,False,other,1
gsm-hard-20,False,arithmetic,1
gsm-hard-20,False,conclude,0
gsm-hard-21,True,extract_fact,4
gsm-hard-21,True,arithmetic,1
gsm-hard-21,True,arithmetic,1
gsm-hard-21,True,arithmetic,1
gsm-hard-21,True,arithmetic,1
gsm-hard-21,True,conclude,0
gsm-hard-22,True,extract_fact,1
gsm-hard-22,True,arithmetic,1
gsm-hard-22,True,other,1
gsm-hard-22,True,arithmetic,1
gsm-hard-22,True,arithmetic,1
gsm-hard-22,True,conclude,0
gsm-hard-23,False,extract_fact,1
gsm-hard-23,False,extract_fact,1
gsm-hard-23,False,arithmetic,1
gsm-hard-23,False,other,1
gsm-hard-23,False,arithmetic,1
gsm-hard-23,False,arithmetic,1
gsm-hard-23,False,conclude,0
gsm-hard-24,True,extract_fact,3
gsm-hard-24,True,extract_fact,2
gsm-hard-24,True,extract_fact,1
gsm-hard-24,True,arithmetic,1
gsm-hard-24,True,other,1
gsm-hard-24,True,other,1
gsm-hard-24,True,arithmetic,2
gsm-hard-24,True,verify,1
gsm-hard-24,True,conclude,0
gsm-hard-25,True,extract_fact,1
gsm-hard-25,True,extract_fact,3
gsm-hard-25,True,arithmetic,1
gsm-hard-25,True,extract_fact,1
gsm-hard-25,True,substitute,1
gsm-hard-25,True,arithmetic,1
gsm-hard-25,True,arithmetic,2
gsm-hard-25,True,arithmetic,2
gsm-hard-25,True,verify,1
gsm-hard-25,True,conclude,0
gsm-hard-26,True,extract_fact,4
gsm-hard-26,True,arithmetic,1
gsm-hard-26,True,arithmetic,1
gsm-hard-26,True,arithmetic,1
gsm-hard-26,True,arithmetic,1
gsm-hard-26,True,arithmetic,1
gsm-hard-26,True,conclude,0
gsm-hard-27,False,extract_fact,1
gsm-hard-27,False,extract_fact,1
gsm-hard-27,False,other,1
gsm-hard-27,False,substitute,1
gsm-hard-27,False,arithmetic,2
gsm-hard-27,False,other,1
gsm-hard-27,False,conclude,0
gsm-hard-28,True,extract_fact,1
gsm-hard-28,True,extract_fact,1
gsm-hard-28,True,extract_fact,1
gsm-hard-28,True,arithmetic,1
gsm-hard-28,True,arithmetic,1
gsm-hard-28,True,conclude,0
gsm-hard-29,True,extract_fact,3
gsm-hard-29,True,arithmetic,1
gsm-hard-29,True,arithmetic,1
gsm-hard-29,True,arithmetic,2
gsm-hard-29,True,arithmetic,2
gsm-hard-29,True,arithmetic,1
gsm-hard-29,True,arithmetic,1
gsm-hard-29,True,arithmetic,1
gsm-hard-29,True,conclude,0
gsm-hard-30,False,extract_fact,4
gsm-hard-30,False,extract_fact,3
gsm-hard-30,False,arithmetic,0
gsm-hard-30,False,other,1
gsm-hard-30,False,arithmetic,1
gsm-hard-30,False,extract_fact,1
gsm-hard-30,False,extract_fact,1
gsm-hard-30,False,arithmetic,1
gsm-hard-30,False,arithmetic,1
gsm-hard-30,False,conclude,0
gsm-hard-31,False,extract_fact,2
gsm-hard-31,False,extract_fact,2
gsm-hard-31,False,arithmetic,1
gsm-hard-31,False,arithmetic,1
gsm-hard-31,False,arithmetic,1
gsm-hard-31,False,arithmetic,1
gsm-hard-31,False,arithmetic,1
gsm-hard-31,False,conclude,0
gsm-hard-32,True,extract_fact,3
gsm-hard-32,True,extract_fact,2
gsm-hard-32,True,extract_fact,2
gsm-hard-32,True,extract_fact,2
gsm-hard-32,True,arithmetic,1
gsm-hard-32,True,arithmetic,2
gsm-hard-32,True,arithmetic,1
gsm-hard-32,True,arithmetic,1
gsm-hard-32,True,arithmetic,1
gsm-hard-32,True,verify,1
gsm-hard-32,True,conclude,0
gsm-hard-33,True,extract_fact,1
gsm-hard-33,True,extract_fact,1
gsm-hard-33,True,arithmetic,1
gsm-hard-33,True,arithmetic,1
gsm-hard-33,True,arithmetic,2
gsm-hard-33,True,arithmetic,1
gsm-hard-33,True,arithmetic,1
gsm-hard-33,True,arithmetic,1
gsm-hard-33,True,conclude,0
gsm-hard-34,True,extract_fact,1
gsm-hard-34,True,extract_fact,1
gsm-hard-34,True,arithmetic,1
gsm-hard-34,True,arithmetic,1
gsm-hard-34,True,arithmetic,1
gsm-hard-34,True,arithmetic,1
gsm-hard-34,True,conclude,0
gsm-hard-35,True,extract_fact,2
gsm-hard-35,True,arithmetic,1
gsm-hard-35,True,arithmetic,1
gsm-hard-35,True,arithmetic,1
gsm-hard-35,True,conclude,0
gsm-hard-36,True,extract_fact,2
gsm-hard-36,True,extract_fact,1
gsm-hard-36,True,other,1
gsm-hard-36,True,arithmetic,1
gsm-hard-36,True,arithmetic,1
gsm-hard-36,True,conclude,0
gsm-hard-37,True,extract_fact,2
gsm-hard-37,True,extract_fact,1
gsm-hard-37,True,extract_fact,2
gsm-hard-37,True,arithmetic,2
gsm-hard-37,True,arithmetic,1
gsm-hard-37,True,arithmetic,1
gsm-hard-37,True,verify,1
gsm-hard-37,True,conclude,0
gsm-hard-38,True,extract_fact,1
gsm-hard-38,True,extract_fact,1
gsm-hard-38,True,extract_fact,1
gsm-hard-38,True,arithmetic,1
gsm-hard-38,True,arithmetic,1
gsm-hard-38,True,arithmetic,1
gsm-hard-38,True,conclude,0
gsm-hard-39,False,extract_fact,1
gsm-hard-39,False,extract_fact,1
gsm-hard-39,False,substitute,1
gsm-hard-39,False,arithmetic,1
gsm-hard-39,False,arithmetic,1
gsm-hard-39,False,conclude,0
gsm-hard-40,True,extract_fact,1
gsm-hard-40,True,extract_fact,1
gsm-hard-40,True,extract_fact,1
gsm-hard-40,True,extract_fact,1
gsm-hard-40,True,extract_fact,1
gsm-hard-40,True,arithmetic,1
gsm-hard-40,True,arithmetic,1
gsm-hard-40,True,arithmetic,1
gsm-hard-40,True,arithmetic,1
gsm-hard-40,True,conclude,0
gsm-hard-41,True,extract_fact,1
gsm-hard-41,True,extract_fact,1
gsm-hard-41,True,extract_fact,1
gsm-hard-41,True,arithmetic,1
gsm-hard-41,True,arithmetic,1
gsm-hard-41,True,arithmetic,1
gsm-hard-41,True,arithmetic,1
gsm-hard-41,True,conclude,0
gsm-hard-42,False,extract_fact,2
gsm-hard-42,False,extract_fact,1
gsm-hard-42,False,extract_fact,1
gsm-hard-42,False,arithmetic,1
gsm-hard-42,False,arithmetic,1
gsm-hard-42,False,arithmetic,1
gsm-hard-42,False,conclude,0
gsm-hard-43,False,extract_fact,1
gsm-hard-43,False,extract_fact,1
gsm-hard-43,False,arithmetic,2
gsm-hard-43,False,arithmetic,1
gsm-hard-43,False,arithmetic,1
gsm-hard-43,False,arithmetic,1
gsm-hard-43,False,conclude,0
gsm-hard-44,True,extract_fact,3
gsm-hard-44,True,extract_fact,2
gsm-hard-44,True,arithmetic,1
gsm-hard-44,True,arithmetic,1
gsm-hard-44,True,arithmetic,1
gsm-hard-44,True,arithmetic,1
gsm-hard-44,True,arithmetic,1
gsm-hard-44,True,conclude,0
gsm-hard-45,False,extract_fact,1
gsm-hard-45,False,other,1
gsm-hard-45,False,extract_fact,1
gsm-hard-45,False,arithmetic,1
gsm-hard-45,False,extract_fact,1
gsm-hard-45,False,arithmetic,1
gsm-hard-45,False,arithmetic,1
gsm-hard-45,False,conclude,0
gsm-hard-46,True,extract_fact,2
gsm-hard-46,True,extract_fact,1
gsm-hard-46,True,extract_fact,1
gsm-hard-46,True,arithmetic,2
gsm-hard-46,True,arithmetic,1
gsm-hard-46,True,arithmetic,1
gsm-hard-46,True,verify,1
gsm-hard-46,True,conclude,0
gsm-hard-47,True,extract_fact,1
gsm-hard-47,True,extract_fact,1
gsm-hard-47,True,extract_fact,2
gsm-hard-47,True,extract_fact,2
gsm-hard-47,True,arithmetic,1
gsm-hard-47,True,arithmetic,1
gsm-hard-47,True,arithmetic,1
gsm-hard-47,True,arithmetic,1
gsm-hard-47,True,arithmetic,1
gsm-hard-47,True,conclude,0
gsm-hard-48,False,extract_fact,2
gsm-hard-48,False,extract_fact,2
gsm-hard-48,False,arithmetic,1
gsm-hard-48,False,arithmetic,1
gsm-hard-48,False,arithmetic,1
gsm-hard-48,False,arithmetic,1
gsm-hard-48,False,other,1
gsm-hard-48,False,conclude,0
gsm-hard-b2-8,False,extract_fact,1
gsm-hard-b2-8,False,extract_fact,2
gsm-hard-b2-8,False,arithmetic,1
gsm-hard-b2-8,False,arithmetic,1
gsm-hard-b2-8,False,extract_fact,2
gsm-hard-b2-8,False,arithmetic,1
gsm-hard-b2-8,False,arithmetic,1
gsm-hard-b2-8,False,conclude,0
gsm-hard-b2-9,False,extract_fact,2
gsm-hard-b2-9,False,extract_fact,3
gsm-hard-b2-9,False,arithmetic,1
gsm-hard-b2-9,False,other,1
gsm-hard-b2-9,False,arithmetic,1
gsm-hard-b2-9,False,other,1
gsm-hard-b2-9,False,arithmetic,1
gsm-hard-b2-9,False,arithmetic,1
gsm-hard-b2-9,False,conclude,0
gsm-hard-b2-10,False,extract_fact,2
gsm-hard-b2-10,False,arithmetic,1
gsm-hard-b2-10,False,arithmetic,1
gsm-hard-b2-10,False,arithmetic,2
gsm-hard-b2-10,False,arithmetic,1
gsm-hard-b2-10,False,arithmetic,1
gsm-hard-b2-10,False,arithmetic,1
gsm-hard-b2-10,False,conclude,0
gsm-hard-b2-11,True,extract_fact,1
gsm-hard-b2-11,True,extract_fact,1
gsm-hard-b2-11,True,arithmetic,1
gsm-hard-b2-11,True,extract_fact,1
gsm-hard-b2-11,True,arithmetic,1
gsm-hard-b2-11,True,extract_fact,1
gsm-hard-b2-11,True,arithmetic,1
gsm-hard-b2-11,True,conclude,0
gsm-hard-b2-12,True,extract_fact,1
gsm-hard-b2-12,True,arithmetic,1
gsm-hard-b2-12,True,extract_fact,1
gsm-hard-b2-12,True,arithmetic,1
gsm-hard-b2-12,True,conclude,0
gsm-hard-b2-13,True,extract_fact,1
gsm-hard-b2-13,True,extract_fact,1
gsm-hard-b2-13,True,extract_fact,1
gsm-hard-b2-13,True,arithmetic,2
gsm-hard-b2-13,True,arithmetic,1
gsm-hard-b2-13,True,arithmetic,1
gsm-hard-b2-13,True,arithmetic,2
gsm-hard-b2-13,True,verify,1
gsm-hard-b2-13,True,conclude,0
gsm-hard-b2-14,True,extract_fact,1
gsm-hard-b2-14,True,extract_fact,1
gsm-hard-b2-14,True,extract_fact,1
gsm-hard-b2-14,True,arithmetic,1
gsm-hard-b2-14,True,arithmetic,1
gsm-hard-b2-14,True,arithmetic,1
gsm-hard-b2-14,True,conclude,0
gsm-hard-b2-15,True,extract_fact,2
gsm-hard-b2-15,True,extract_fact,1
gsm-hard-b2-15,True,arithmetic,1
gsm-hard-b2-15,True,arithmetic,2
gsm-hard-b2-15,True,verify,1
gsm-hard-b2-15,True,conclude,0
gsm-hard-b2-16,True,extract_fact,1
gsm-hard-b2-16,True,extract_fact,1
gsm-hard-b2-16,True,extract_fact,1
gsm-hard-b2-16,True,arithmetic,1
gsm-hard-b2-16,True,arithmetic,1
gsm-hard-b2-16,True,arithmetic,1
gsm-hard-b2-16,True,conclude,0
gsm-hard-b2-17,True,extract_fact,2
gsm-hard-b2-17,True,extract_fact,2
gsm-hard-b2-17,True,extract_fact,1
gsm-hard-b2-17,True,arithmetic,1
gsm-hard-b2-17,True,arithmetic,1
gsm-hard-b2-17,True,arithmetic,1
gsm-hard-b2-17,True,arithmetic,1
gsm-hard-b2-17,True,arithmetic,1
gsm-hard-b2-17,True,arithmetic,1
gsm-hard-b2-17,True,conclude,0
gsm-hard-b2-18,True,extract_fact,1
gsm-hard-b2-18,True,extract_fact,1
gsm-hard-b2-18,True,arithmetic,1
gsm-hard-b2-18,True,arithmetic,1
gsm-hard-b2-18,True,conclude,0
gsm-hard-b2-19,True,extract_fact,2
gsm-hard-b2-19,True,extract_fact,2
gsm-hard-b2-19,True,arithmetic,1
gsm-hard-b2-19,True,arithmetic,1
gsm-hard-b2-19,True,arithmetic,1
gsm-hard-b2-19,True,arithmetic,1
gsm-hard-b2-19,True,arithmetic,1
gsm-hard-b2-19,True,conclude,0
gsm-hard-b2-20,True,extract_fact,2
gsm-hard-b2-20,True,arithmetic,1
gsm-hard-b2-20,True,extract_fact,1
gsm-hard-b2-20,True,arithmetic,1
gsm-hard-b2-20,True,arithmetic,1
gsm-hard-b2-20,True,conclude,0
gsm-hard-b2-21,False,extract_fact,1
gsm-hard-b2-21,False,extract_fact,1
gsm-hard-b2-21,False,arithmetic,1
gsm-hard-b2-21,False,arithmetic,1
gsm-hard-b2-21,False,extract_fact,1
gsm-hard-b2-21,False,extract_fact,1
gsm-hard-b2-21,False,arithmetic,1
gsm-hard-b2-21,False,arithmetic,1
gsm-hard-b2-21,False,arithmetic,1
gsm-hard-b2-21,False,extract_fact,1
gsm-hard-b2-21,False,arithmetic,1
gsm-hard-b2-21,False,conclude,0
gsm-hard-b2-22,True,extract_fact,3
gsm-hard-b2-22,True,arithmetic,1
gsm-hard-b2-22,True,arithmetic,2
gsm-hard-b2-22,True,arithmetic,1
gsm-hard-b2-22,True,arithmetic,2
gsm-hard-b2-22,True,verify,1
gsm-hard-b2-22,True,conclude,0
gsm-hard-b2-23,True,extract_fact,1
gsm-hard-b2-23,True,extract_fact,1
gsm-hard-b2-23,True,extract_fact,1
gsm-hard-b2-23,True,arithmetic,1
gsm-hard-b2-23,True,arithmetic,1
gsm-hard-b2-23,True,arithmetic,1
gsm-hard-b2-23,True,conclude,0
gsm-hard-b2-24,True,extract_fact,1
gsm-hard-b2-24,True,arithmetic,2
gsm-hard-b2-24,True,arithmetic,1
gsm-hard-b2-24,True,arithmetic,1
gsm-hard-b2-24,True,arithmetic,1
gsm-hard-b2-24,True,extract_fact,1
gsm-hard-b2-24,True,arithmetic,1
gsm-hard-b2-24,True,conclude,0
gsm-hard-b2-25,False,extract_fact,1
gsm-hard-b2-25,False,arithmetic,2
gsm-hard-b2-25,False,extract_fact,2
gsm-hard-b2-25,False,other,1
gsm-hard-b2-25,False,other,1
gsm-hard-b2-25,False,arithmetic,1
gsm-hard-b2-25,False,arithmetic,1
gsm-hard-b2-25,False,arithmetic,1
gsm-hard-b2-25,False,conclude,0
gsm-hard-b2-26,True,extract_fact,1
gsm-hard-b2-26,True,extract_fact,1
gsm-hard-b2-26,True,extract_fact,1
gsm-hard-b2-26,True,arithmetic,1
gsm-hard-b2-26,True,arithmetic,2
gsm-hard-b2-26,True,arithmetic,1
gsm-hard-b2-26,True,arithmetic,1
gsm-hard-b2-26,True,arithmetic,1
gsm-hard-b2-26,True,verify,1
gsm-hard-b2-26,True,conclude,0
gsm-hard-b2-27,False,extract_fact,3
gsm-hard-b2-27,False,extract_fact,1
gsm-hard-b2-27,False,extract_fact,1
gsm-hard-b2-27,False,arithmetic,1
gsm-hard-b2-27,False,arithmetic,1
gsm-hard-b2-27,False,arithmetic,1
gsm-hard-b2-27,False,other,1
gsm-hard-b2-27,False,other,1
gsm-hard-b2-27,False,arithmetic,1
gsm-hard-b2-27,False,arithmetic,1
gsm-hard-b2-27,False,conclude,0
gsm-hard-b2-28,True,extract_fact,1
gsm-hard-b2-28,True,arithmetic,1
gsm-hard-b2-28,True,arithmetic,1
gsm-hard-b2-28,True,arithmetic,1
gsm-hard-b2-28,True,arithmetic,1
gsm-hard-b2-28,True,conclude,0
gsm-hard-b2-29,True,extract_fact,1
gsm-hard-b2-29,True,extract_fact,0
gsm-hard-b2-29,True,extract_fact,2
gsm-hard-b2-29,True,extract_fact,2
gsm-hard-b2-29,True,other,1
gsm-hard-b2-29,True,arithmetic,1
gsm-hard-b2-29,True,arithmetic,1
gsm-hard-b2-29,True,arithmetic,1
gsm-hard-b2-29,True,arithmetic,1
gsm-hard-b2-29,True,conclude,0
gsm-hard-b2-30,True,extract_fact,1
gsm-hard-b2-30,True,extract_fact,1
gsm-hard-b2-30,True,extract_fact,1
gsm-hard-b2-30,True,extract_fact,1
gsm-hard-b2-30,True,arithmetic,1
gsm-hard-b2-30,True,arithmetic,1
gsm-hard-b2-30,True,arithmetic,1
gsm-hard-b2-30,True,conclude,0
gsm-hard-b2-31,True,extract_fact,1
gsm-hard-b2-31,True,arithmetic,1
gsm-hard-b2-31,True,arithmetic,1
gsm-hard-b2-31,True,conclude,0
gsm-hard-b2-32,True,extract_fact,2
gsm-hard-b2-32,True,extract_fact,1
gsm-hard-b2-32,True,arithmetic,1
gsm-hard-b2-32,True,arithmetic,2
gsm-hard-b2-32,True,extract_fact,1
gsm-hard-b2-32,True,arithmetic,1
gsm-hard-b2-32,True,arithmetic,1
gsm-hard-b2-32,True,conclude,0
gsm-hard-b2-33,True,extract_fact,2
gsm-hard-b2-33,True,extract_fact,1
gsm-hard-b2-33,True,extract_fact,1
gsm-hard-b2-33,True,arithmetic,1
gsm-hard-b2-33,True,arithmetic,1
gsm-hard-b2-33,True,arithmetic,1
gsm-hard-b2-33,True,conclude,0
gsm-hard-b2-34,True,extract_fact,1
gsm-hard-b2-34,True,extract_fact,1
gsm-hard-b2-34,True,extract_fact,1
gsm-hard-b2-34,True,arithmetic,1
gsm-hard-b2-34,True,arithmetic,1
gsm-hard-b2-34,True,conclude,0
gsm-hard-b2-35,True,extract_fact,1
gsm-hard-b2-35,True,extract_fact,1
gsm-hard-b2-35,True,arithmetic,1
gsm-hard-b2-35,True,arithmetic,1
gsm-hard-b2-35,True,conclude,0
gsm-hard-b2-36,False,extract_fact,1
gsm-hard-b2-36,False,extract_fact,1
gsm-hard-b2-36,False,extract_fact,1
gsm-hard-b2-36,False,arithmetic,1
gsm-hard-b2-36,False,arithmetic,1
gsm-hard-b2-36,False,arithmetic,1
gsm-hard-b2-36,False,arithmetic,2
gsm-hard-b2-36,False,verify,1
gsm-hard-b2-36,False,conclude,0
gsm-hard-b2-37,True,extract_fact,3
gsm-hard-b2-37,True,arithmetic,1
gsm-hard-b2-37,True,arithmetic,1
gsm-hard-b2-37,True,arithmetic,1
gsm-hard-b2-37,True,conclude,0
gsm-hard-b2-38,True,extract_fact,1
gsm-hard-b2-38,True,extract_fact,1
gsm-hard-b2-38,True,arithmetic,1
gsm-hard-b2-38,True,arithmetic,1
gsm-hard-b2-38,True,arithmetic,1
gsm-hard-b2-38,True,conclude,0
gsm-hard-b2-39,True,extract_fact,2
gsm-hard-b2-39,True,arithmetic,1
gsm-hard-b2-39,True,arithmetic,1
gsm-hard-b2-39,True,extract_fact,1
gsm-hard-b2-39,True,arithmetic,1
gsm-hard-b2-39,True,conclude,0
gsm-hard-b2-40,True,extract_fact,1
gsm-hard-b2-40,True,extract_fact,1
gsm-hard-b2-40,True,extract_fact,1
gsm-hard-b2-40,True,arithmetic,1
gsm-hard-b2-40,True,arithmetic,1
gsm-hard-b2-40,True,substitute,1
gsm-hard-b2-40,True,arithmetic,1
gsm-hard-b2-40,True,arithmetic,1
gsm-hard-b2-40,True,conclude,0
gsm-hard-b2-41,True,extract_fact,2
gsm-hard-b2-41,True,extract_fact,1
gsm-hard-b2-41,True,arithmetic,1
gsm-hard-b2-41,True,arithmetic,1
gsm-hard-b2-41,True,conclude,0
gsm-hard-b2-42,True,extract_fact,1
gsm-hard-b2-42,True,extract_fact,1
gsm-hard-b2-42,True,extract_fact,1
gsm-hard-b2-42,True,arithmetic,1
gsm-hard-b2-42,True,arithmetic,1
gsm-hard-b2-42,True,conclude,0
gsm-hard-b2-43,True,extract_fact,2
gsm-hard-b2-43,True,extract_fact,1
gsm-hard-b2-43,True,extract_fact,2
gsm-hard-b2-43,True,extract_fact,1
gsm-hard-b2-43,True,arithmetic,1
gsm-hard-b2-43,True,arithmetic,1
gsm-hard-b2-43,True,arithmetic,1
gsm-hard-b2-43,True,arithmetic,1
gsm-hard-b2-43,True,conclude,0
gsm-hard-b2-44,True,extract_fact,2
gsm-hard-b2-44,True,extract_fact,1
gsm-hard-b2-44,True,extract_fact,1
gsm-hard-b2-44,True,arithmetic,1
gsm-hard-b2-44,True,arithmetic,1
gsm-hard-b2-44,True,arithmetic,1
gsm-hard-b2-44,True,conclude,0
gsm-hard-b2-45,True,extract_fact,1
gsm-hard-b2-45,True,arithmetic,1
gsm-hard-b2-45,True,arithmetic,1
gsm-hard-b2-45,True,extract_fact,1
gsm-hard-b2-45,True,arithmetic,1
gsm-hard-b2-45,True,arithmetic,1
gsm-hard-b2-45,True,conclude,0
gsm-hard-b2-46,False,extract_fact,1
gsm-hard-b2-46,False,extract_fact,1
gsm-hard-b2-46,False,extract_fact,1
gsm-hard-b2-46,False,extract_fact,1
gsm-hard-b2-46,False,extract_fact,1
gsm-hard-b2-46,False,arithmetic,1
gsm-hard-b2-46,False,other,1
gsm-hard-b2-46,False,arithmetic,1
gsm-hard-b2-46,False,verify,1
gsm-hard-b2-46,False,arithmetic,1
gsm-hard-b2-46,False,arithmetic,1
gsm-hard-b2-46,False,conclude,0
gsm-hard-b2-47,True,extract_fact,1
gsm-hard-b2-47,True,extract_fact,1
gsm-hard-b2-47,True,extract_fact,1
gsm-hard-b2-47,True,arithmetic,1
gsm-hard-b2-47,True,extract_fact,1
gsm-hard-b2-47,True,arithmetic,1
gsm-hard-b2-47,True,arithmetic,1
gsm-hard-b2-47,True,conclude,0
gsm-hard-b2-48,True,extract_fact,1
gsm-hard-b2-48,True,extract_fact,1
gsm-hard-b2-48,True,extract_fact,1
gsm-hard-b2-48,True,arithmetic,1
gsm-hard-b2-48,True,substitute,1
gsm-hard-b2-48,True,arithmetic,1
gsm-hard-b2-48,True,conclude,0
gsm-hard-b2-49,True,extract_fact,2
gsm-hard-b2-49,True,arithmetic,1
gsm-hard-b2-49,True,arithmetic,1
gsm-hard-b2-49,True,arithmetic,1
gsm-hard-b2-49,True,arithmetic,1
gsm-hard-b2-49,True,conclude,0
gsm-hard-b2-50,True,extract_fact,2
gsm-hard-b2-50,True,arithmetic,1
gsm-hard-b2-50,True,arithmetic,1
gsm-hard-b2-50,True,arithmetic,1
gsm-hard-b2-50,True,arithmetic,2
gsm-hard-b2-50,True,arithmetic,1
gsm-hard-b2-50,True,arithmetic,1
gsm-hard-b2-50,True,conclude,0
gsm-hard-b2-51,True,extract_fact,1
gsm-hard-b2-51,True,extract_fact,1
gsm-hard-b2-51,True,extract_fact,1
gsm-hard-b2-51,True,arithmetic,1
gsm-hard-b2-51,True,arithmetic,1
gsm-hard-b2-51,True,arithmetic,1
gsm-hard-b2-51,True,conclude,0
gsm-hard-b2-52,True,extract_fact,1
gsm-hard-b2-52,True,extract_fact,1
gsm-hard-b2-52,True,extract_fact,2
gsm-hard-b2-52,True,arithmetic,2
gsm-hard-b2-52,True,other,1
gsm-hard-b2-52,True,arithmetic,0
gsm-hard-b2-52,True,arithmetic,1
gsm-hard-b2-52,True,conclude,0
gsm-hard-b2-53,True,extract_fact,1
gsm-hard-b2-53,True,extract_fact,1
gsm-hard-b2-53,True,extract_fact,1
gsm-hard-b2-53,True,arithmetic,1
gsm-hard-b2-53,True,arithmetic,1
gsm-hard-b2-53,True,arithmetic,1
gsm-hard-b2-53,True,conclude,0
gsm-hard-b2-54,True,extract_fact,2
gsm-hard-b2-54,True,extract_fact,1
gsm-hard-b2-54,True,arithmetic,1
gsm-hard-b2-54,True,arithmetic,1
gsm-hard-b2-54,True,conclude,0
gsm-hard-b2-55,True,extract_fact,2
gsm-hard-b2-55,True,extract_fact,1
gsm-hard-b2-55,True,extract_fact,1
gsm-hard-b2-55,True,substitute,1
gsm-hard-b2-55,True,arithmetic,1
gsm-hard-b2-55,True,arithmetic,1
gsm-hard-b2-55,True,conclude,0
gsm-hard-b2-56,True,extract_fact,4
gsm-hard-b2-56,True,extract_fact,3
gsm-hard-b2-56,True,arithmetic,1
gsm-hard-b2-56,True,arithmetic,1
gsm-hard-b2-56,True,arithmetic,1
gsm-hard-b2-56,True,arithmetic,1
gsm-hard-b2-56,True,verify,1
gsm-hard-b2-56,True,conclude,0
gsm-hard-b2-57,True,extract_fact,2
gsm-hard-b2-57,True,arithmetic,1
gsm-hard-b2-57,True,arithmetic,1
gsm-hard-b2-57,True,arithmetic,1
gsm-hard-b2-57,True,conclude,0
gsm-hard-b2-58,True,extract_fact,2
gsm-hard-b2-58,True,extract_fact,1
gsm-hard-b2-58,True,arithmetic,1
gsm-hard-b2-58,True,arithmetic,1
gsm-hard-b2-58,True,conclude,0
gsm-hard-b2-59,True,extract_fact,2
gsm-hard-b2-59,True,extract_fact,1
gsm-hard-b2-59,True,arithmetic,1
gsm-hard-b2-59,True,arithmetic,2
gsm-hard-b2-59,True,arithmetic,1
gsm-hard-b2-59,True,arithmetic,1
gsm-hard-b2-59,True,conclude,0
gsm-hard-b2-60,True,extract_fact,1
gsm-hard-b2-60,True,extract_fact,1
gsm-hard-b2-60,True,extract_fact,2
gsm-hard-b2-60,True,arithmetic,1
gsm-hard-b2-60,True,arithmetic,1
gsm-hard-b2-60,True,arithmetic,1
gsm-hard-b2-60,True,conclude,0
gsm-hard-b2-61,True,extract_fact,1
gsm-hard-b2-61,True,extract_fact,1
gsm-hard-b2-61,True,arithmetic,1
gsm-hard-b2-61,True,arithmetic,1
gsm-hard-b2-61,True,conclude,0
gsm-hard-b2-62,True,extract_fact,2
gsm-hard-b2-62,True,extract_fact,1
gsm-hard-b2-62,True,extract_fact,1
gsm-hard-b2-62,True,arithmetic,2
gsm-hard-b2-62,True,arithmetic,2
gsm-hard-b2-62,True,verify,1
gsm-hard-b2-62,True,conclude,0
gsm-hard-b2-63,False,extract_fact,1
gsm-hard-b2-63,False,extract_fact,1
gsm-hard-b2-63,False,arithmetic,1
gsm-hard-b2-63,False,arithmetic,1
gsm-hard-b2-63,False,arithmetic,2
gsm-hard-b2-63,False,arithmetic,1
gsm-hard-b2-63,False,arithmetic,1
gsm-hard-b2-63,False,arithmetic,1
gsm-hard-b2-63,False,conclude,0
gsm-hard-b2-64,True,extract_fact,2
gsm-hard-b2-64,True,extract_fact,1
gsm-hard-b2-64,True,extract_fact,1
gsm-hard-b2-64,True,extract_fact,1
gsm-hard-b2-64,True,arithmetic,1
gsm-hard-b2-64,True,arithmetic,1
gsm-hard-b2-64,True,arithmetic,1
gsm-hard-b2-64,True,arithmetic,1
gsm-hard-b2-64,True,conclude,0
gsm-hard-b2-65,True,extract_fact,2
gsm-hard-b2-65,True,other,2
gsm-hard-b2-65,True,substitute,1
gsm-hard-b2-65,True,arithmetic,2
gsm-hard-b2-65,True,arithmetic,2
gsm-hard-b2-65,True,arithmetic,2
gsm-hard-b2-65,True,verify,1
gsm-hard-b2-65,True,conclude,0
gsm-hard-b2-66,True,extract_fact,1
gsm-hard-b2-66,True,arithmetic,1
gsm-hard-b2-66,True,arithmetic,1
gsm-hard-b2-66,True,conclude,0
gsm-hard-b2-67,True,extract_fact,1
gsm-hard-b2-67,True,arithmetic,1
gsm-hard-b2-67,True,arithmetic,1
gsm-hard-b2-67,True,conclude,0
gsm-hard-b2-68,False,extract_fact,2
gsm-hard-b2-68,False,extract_fact,1
gsm-hard-b2-68,False,extract_fact,1
gsm-hard-b2-68,False,substitute,1
gsm-hard-b2-68,False,arithmetic,1
gsm-hard-b2-68,False,arithmetic,0
gsm-hard-b2-68,False,arithmetic,1
gsm-hard-b2-68,False,arithmetic,1
gsm-hard-b2-68,False,conclude,0
gsm-hard-b2-69,True,extract_fact,2
gsm-hard-b2-69,True,arithmetic,1
gsm-hard-b2-69,True,arithmetic,1
gsm-hard-b2-69,True,extract_fact,1
gsm-hard-b2-69,True,arithmetic,1
gsm-hard-b2-69,True,conclude,0
gsm-hard-b2-70,True,extract_fact,3
gsm-hard-b2-70,True,extract_fact,1
gsm-hard-b2-70,True,arithmetic,3
gsm-hard-b2-70,True,arithmetic,1
gsm-hard-b2-70,True,arithmetic,1
gsm-hard-b2-70,True,arithmetic,2
gsm-hard-b2-70,True,verify,1
gsm-hard-b2-70,True,conclude,0
gsm-hard-b2-71,True,extract_fact,1
gsm-hard-b2-71,True,extract_fact,1
gsm-hard-b2-71,True,extract_fact,1
gsm-hard-b2-71,True,arithmetic,1
gsm-hard-b2-71,True,substitute,1
gsm-hard-b2-71,True,arithmetic,1
gsm-hard-b2-71,True,conclude,0
gsm-hard-b2-72,True,extract_fact,1
gsm-hard-b2-72,True,other,1
gsm-hard-b2-72,True,substitute,1
gsm-hard-b2-72,True,arithmetic,1
gsm-hard-b2-72,True,arithmetic,1
gsm-hard-b2-72,True,conclude,0
gsm-hard-b2-73,True,extract_fact,1
gsm-hard-b2-73,True,extract_fact,2
gsm-hard-b2-73,True,arithmetic,1
gsm-hard-b2-73,True,extract_fact,1
gsm-hard-b2-73,True,arithmetic,1
gsm-hard-b2-73,True,arithmetic,1
gsm-hard-b2-73,True,conclude,0
gsm-hard-b2-74,False,extract_fact,1
gsm-hard-b2-74,False,extract_fact,1
gsm-hard-b2-74,False,arithmetic,1
gsm-hard-b2-74,False,other,1
gsm-hard-b2-74,False,extract_fact,2
gsm-hard-b2-74,False,extract_fact,1
gsm-hard-b2-74,False,arithmetic,1
gsm-hard-b2-74,False,arithmetic,1
gsm-hard-b2-74,False,conclude,0
gsm-hard-b2-75,True,extract_fact,1
gsm-hard-b2-75,True,extract_fact,1
gsm-hard-b2-75,True,extract_fact,1
gsm-hard-b2-75,True,extract_fact,3
gsm-hard-b2-75,True,arithmetic,1
gsm-hard-b2-75,True,arithmetic,1
gsm-hard-b2-75,True,arithmetic,1
gsm-hard-b2-75,True,arithmetic,1
gsm-hard-b2-75,True,conclude,0
gsm-hard-b2-76,True,extract_fact,2
gsm-hard-b2-76,True,arithmetic,1
gsm-hard-b2-76,True,extract_fact,1
gsm-hard-b2-76,True,arithmetic,1
gsm-hard-b2-76,True,arithmetic,1
gsm-hard-b2-76,True,extract_fact,1
gsm-hard-b2-76,True,arithmetic,1
gsm-hard-b2-76,True,conclude,0
gsm-hard-b2-77,True,extract_fact,1
gsm-hard-b2-77,True,extract_fact,1
gsm-hard-b2-77,True,extract_fact,1
gsm-hard-b2-77,True,arithmetic,1
gsm-hard-b2-77,True,arithmetic,1
gsm-hard-b2-77,True,arithmetic,1
gsm-hard-b2-77,True,conclude,0
gsm-hard-b2-78,True,extract_fact,1
gsm-hard-b2-78,True,arithmetic,1
gsm-hard-b2-78,True,arithmetic,1
gsm-hard-b2-78,True,extract_fact,2
gsm-hard-b2-78,True,arithmetic,1
gsm-hard-b2-78,True,arithmetic,1
gsm-hard-b2-78,True,conclude,0
gsm-hard-b2-79,False,arithmetic,1
gsm-hard-b2-79,False,arithmetic,1
gsm-hard-b2-79,False,arithmetic,1
gsm-hard-b2-79,False,arithmetic,1
gsm-hard-b2-79,False,extract_fact,1
gsm-hard-b2-79,False,arithmetic,1
gsm-hard-b2-79,False,conclude,0
gsm-hard-b2-80,True,extract_fact,5
gsm-hard-b2-80,True,extract_fact,3
gsm-hard-b2-80,True,arithmetic,1
gsm-hard-b2-80,True,arithmetic,2
gsm-hard-b2-80,True,arithmetic,2
gsm-hard-b2-80,True,arithmetic,2
gsm-hard-b2-80,True,arithmetic,1
gsm-hard-b2-80,True,arithmetic,1
gsm-hard-b2-80,True,verify,1
gsm-hard-b2-80,True,conclude,0
gsm-hard-b2-81,False,extract_fact,1
gsm-hard-b2-81,False,extract_fact,1
gsm-hard-b2-81,False,extract_fact,1
gsm-hard-b2-81,False,extract_fact,1
gsm-hard-b2-81,False,extract_fact,1
gsm-hard-b2-81,False,arithmetic,1
gsm-hard-b2-81,False,arithmetic,1
gsm-hard-b2-81,False,arithmetic,2
gsm-hard-b2-81,False,verify,0
gsm-hard-b2-81,False,arithmetic,7
gsm-hard-b2-81,False,arithmetic,1
gsm-hard-b2-81,False,arithmetic,1
gsm-hard-b2-81,False,arithmetic,1
gsm-hard-b2-81,False,arithmetic,1
gsm-hard-b2-81,False,arithmetic,1
gsm-hard-b2-81,False,arithmetic,1
gsm-hard-b2-81,False,arithmetic,1
gsm-hard-b2-81,False,arithmetic,1
gsm-hard-b2-81,False,conclude,0
gsm-hard-b2-82,True,extract_fact,1
gsm-hard-b2-82,True,extract_fact,1
gsm-hard-b2-82,True,extract_fact,1
gsm-hard-b2-82,True,extract_fact,1
gsm-hard-b2-82,True,arithmetic,1
gsm-hard-b2-82,True,arithmetic,1
gsm-hard-b2-82,True,arithmetic,1
gsm-hard-b2-82,True,conclude,0
gsm-hard-b2-83,True,extract_fact,1
gsm-hard-b2-83,True,extract_fact,1
gsm-hard-b2-83,True,arithmetic,1
gsm-hard-b2-83,True,arithmetic,1
gsm-hard-b2-83,True,extract_fact,1
gsm-hard-b2-83,True,arithmetic,2
gsm-hard-b2-83,True,verify,0
gsm-hard-b2-83,True,conclude,0
gsm-hard-b2-84,True,extract_fact,3
gsm-hard-b2-84,True,extract_fact,1
gsm-hard-b2-84,True,arithmetic,1
gsm-hard-b2-84,True,arithmetic,1
gsm-hard-b2-84,True,arithmetic,2
gsm-hard-b2-84,True,extract_fact,1
gsm-hard-b2-84,True,arithmetic,1
gsm-hard-b2-84,True,arithmetic,1
gsm-hard-b2-84,True,conclude,0
gsm-hard-b2-85,False,extract_fact,1
gsm-hard-b2-85,False,extract_fact,1
gsm-hard-b2-85,False,arithmetic,1
gsm-hard-b2-85,False,arithmetic,1
gsm-hard-b2-85,False,arithmetic,2
gsm-hard-b2-85,False,verify,1
gsm-hard-b2-85,False,conclude,0
gsm-hard-b2-86,True,extract_fact,1
gsm-hard-b2-86,True,extract_fact,2
gsm-hard-b2-86,True,arithmetic,1
gsm-hard-b2-86,True,arithmetic,1
gsm-hard-b2-86,True,arithmetic,1
gsm-hard-b2-86,True,arithmetic,1
gsm-hard-b2-86,True,arithmetic,2
gsm-hard-b2-86,True,verify,1
gsm-hard-b2-86,True,conclude,0
gsm-hard-b2-87,True,extract_fact,1
gsm-hard-b2-87,True,extract_fact,1
gsm-hard-b2-87,True,extract_fact,1
gsm-hard-b2-87,True,arithmetic,1
gsm-hard-b2-87,True,arithmetic,1
gsm-hard-b2-87,True,arithmetic,1
gsm-hard-b2-87,True,conclude,0
gsm-hard-b2-88,True,extract_fact,1
gsm-hard-b2-88,True,arithmetic,2
gsm-hard-b2-88,True,arithmetic,1
gsm-hard-b2-88,True,arithmetic,1
gsm-hard-b2-88,True,conclude,0
gsm-hard-b2-89,True,extract_fact,1
gsm-hard-b2-89,True,extract_fact,1
gsm-hard-b2-89,True,extract_fact,1
gsm-hard-b2-89,True,arithmetic,1
gsm-hard-b2-89,True,arithmetic,1
gsm-hard-b2-89,True,arithmetic,1
gsm-hard-b2-89,True,arithmetic,1
gsm-hard-b2-89,True,arithmetic,1
gsm-hard-b2-89,True,conclude,0
gsm-hard-b2-90,True,extract_fact,3
gsm-hard-b2-90,True,extract_fact,2
gsm-hard-b2-90,True,arithmetic,1
gsm-hard-b2-90,True,arithmetic,1
gsm-hard-b2-90,True,arithmetic,2
gsm-hard-b2-90,True,verify,0
gsm-hard-b2-90,True,conclude,0
gsm-hard-b2-91,True,extract_fact,1
gsm-hard-b2-91,True,arithmetic,1
gsm-hard-b2-91,True,arithmetic,1
gsm-hard-b2-91,True,arithmetic,1
gsm-hard-b2-91,True,arithmetic,2
gsm-hard-b2-91,True,arithmetic,1
gsm-hard-b2-91,True,arithmetic,1
gsm-hard-b2-91,True,conclude,0
gsm-hard-b2-92,True,extract_fact,2
gsm-hard-b2-92,True,extract_fact,3
gsm-hard-b2-92,True,extract_fact,2
gsm-hard-b2-92,True,extract_fact,1
gsm-hard-b2-92,True,arithmetic,1
gsm-hard-b2-92,True,arithmetic,1
gsm-hard-b2-92,True,arithmetic,1
gsm-hard-b2-92,True,arithmetic,2
gsm-hard-b2-92,True,verify,1
gsm-hard-b2-92,True,conclude,0
gsm-hard-b2-93,True,extract_fact,1
gsm-hard-b2-93,True,extract_fact,1
gsm-hard-b2-93,True,extract_fact,1
gsm-hard-b2-93,True,extract_fact,1
gsm-hard-b2-93,True,arithmetic,2
gsm-hard-b2-93,True,arithmetic,1
gsm-hard-b2-93,True,arithmetic,1
gsm-hard-b2-93,True,arithmetic,1
gsm-hard-b2-93,True,conclude,0
gsm-hard-b2-94,False,extract_fact,1
gsm-hard-b2-94,False,arithmetic,1
gsm-hard-b2-94,False,extract_fact,2
gsm-hard-b2-94,False,extract_fact,1
gsm-hard-b2-94,False,other,1
gsm-hard-b2-94,False,arithmetic,1
gsm-hard-b2-94,False,conclude,0
gsm-hard-b2-95,True,extract_fact,2
gsm-hard-b2-95,True,extract_fact,1
gsm-hard-b2-95,True,extract_fact,1
gsm-hard-b2-95,True,arithmetic,1
gsm-hard-b2-95,True,arithmetic,1
gsm-hard-b2-95,True,arithmetic,1
gsm-hard-b2-95,True,conclude,0
gsm-hard-b2-96,False,extract_fact,2
gsm-hard-b2-96,False,extract_fact,1
gsm-hard-b2-96,False,extract_fact,1
gsm-hard-b2-96,False,arithmetic,2
gsm-hard-b2-96,False,other,1
gsm-hard-b2-96,False,substitute,1
gsm-hard-b2-96,False,arithmetic,1
gsm-hard-b2-96,False,arithmetic,2
gsm-hard-b2-96,False,verify,1
gsm-hard-b2-96,False,verify,1
gsm-hard-b2-96,False,conclude,0
gsm-hard-b2-97,True,extract_fact,3
gsm-hard-b2-97,True,extract_fact,1
gsm-hard-b2-97,True,extract_fact,1
gsm-hard-b2-97,True,arithmetic,1
gsm-hard-b2-97,True,arithmetic,1
gsm-hard-b2-97,True,arithmetic,1
gsm-hard-b2-97,True,arithmetic,1
gsm-hard-b2-97,True,conclude,0
gsm-hard-b2-98,True,extract_fact,2
gsm-hard-b2-98,True,extract_fact,1
gsm-hard-b2-98,True,arithmetic,1
gsm-hard-b2-98,True,arithmetic,1
gsm-hard-b2-98,True,arithmetic,1
gsm-hard-b2-98,True,conclude,0
gsm-hard-b2-99,True,extract_fact,1
gsm-hard-b2-99,True,extract_fact,1
gsm-hard-b2-99,True,extract_fact,1
gsm-hard-b2-99,True,arithmetic,1
gsm-hard-b2-99,True,arithmetic,1
gsm-hard-b2-99,True,conclude,0
gsm-hard-b2-100,True,extract_fact,2
gsm-hard-b2-100,True,arithmetic,1
gsm-hard-b2-100,True,arithmetic,1
gsm-hard-b2-100,True,extract_fact,1
gsm-hard-b2-100,True,arithmetic,1
gsm-hard-b2-100,True,conclude,0
gsm-hard-b2-101,True,extract_fact,1
gsm-hard-b2-101,True,extract_fact,1
gsm-hard-b2-101,True,arithmetic,1
gsm-hard-b2-101,True,arithmetic,1
gsm-hard-b2-101,True,conclude,0
gsm-hard-b2-102,True,extract_fact,1
gsm-hard-b2-102,True,arithmetic,1
gsm-hard-b2-102,True,arithmetic,1
gsm-hard-b2-102,True,conclude,0
gsm-hard-b2-103,True,extract_fact,2
gsm-hard-b2-103,True,extract_fact,1
gsm-hard-b2-103,True,extract_fact,1
gsm-hard-b2-103,True,arithmetic,1
gsm-hard-b2-103,True,arithmetic,1
gsm-hard-b2-103,True,arithmetic,1
gsm-hard-b2-103,True,conclude,0
gsm-hard-b2-104,False,extract_fact,1
gsm-hard-b2-104,False,extract_fact,2
gsm-hard-b2-104,False,extract_fact,1
gsm-hard-b2-104,False,arithmetic,0
gsm-hard-b2-104,False,arithmetic,2
gsm-hard-b2-104,False,other,1
gsm-hard-b2-104,False,arithmetic,1
gsm-hard-b2-104,False,arithmetic,1
gsm-hard-b2-104,False,arithmetic,1
gsm-hard-b2-104,False,conclude,0
gsm-hard-b2-105,True,extract_fact,2
gsm-hard-b2-105,True,arithmetic,2
gsm-hard-b2-105,True,arithmetic,1
gsm-hard-b2-105,True,arithmetic,1
gsm-hard-b2-105,True,arithmetic,1
gsm-hard-b2-105,True,verify,1
gsm-hard-b2-105,True,conclude,0
gsm-hard-b2-106,True,extract_fact,1
gsm-hard-b2-106,True,extract_fact,1
gsm-hard-b2-106,True,extract_fact,1
gsm-hard-b2-106,True,extract_fact,1
gsm-hard-b2-106,True,arithmetic,1
gsm-hard-b2-106,True,arithmetic,1
gsm-hard-b2-106,True,arithmetic,1
gsm-hard-b2-106,True,arithmetic,1
gsm-hard-b2-106,True,conclude,0
gsm-hard-b2-107,True,extract_fact,1
gsm-hard-b2-107,True,extract_fact,2
gsm-hard-b2-107,True,extract_fact,1
gsm-hard-b2-107,True,arithmetic,1
gsm-hard-b2-107,True,arithmetic,1
gsm-hard-b2-107,True,arithmetic,1
gsm-hard-b2-107,True,arithmetic,1
gsm-hard-b2-107,True,conclude,0
gsm-hard-b2-108,True,extract_fact,1
gsm-hard-b2-108,True,extract_fact,1
gsm-hard-b2-108,True,extract_fact,1
gsm-hard-b2-108,True,extract_fact,1
gsm-hard-b2-108,True,arithmetic,1
gsm-hard-b2-108,True,arithmetic,1
gsm-hard-b2-108,True,substitute,1
gsm-hard-b2-108,True,arithmetic,1
gsm-hard-b2-108,True,arithmetic,1
gsm-hard-b2-108,True,arithmetic,1
gsm-hard-b2-108,True,conclude,0
gsm-hard-b2-109,True,extract_fact,1
gsm-hard-b2-109,True,extract_fact,3
gsm-hard-b2-109,True,arithmetic,1
gsm-hard-b2-109,True,arithmetic,1
gsm-hard-b2-109,True,arithmetic,1
gsm-hard-b2-109,True,arithmetic,1
gsm-hard-b2-109,True,arithmetic,1
gsm-hard-b2-109,True,conclude,0
gsm-hard-b2-110,False,extract_fact,2
gsm-hard-b2-110,False,extract_fact,7
gsm-hard-b2-110,False,arithmetic,1
gsm-hard-b2-110,False,arithmetic,7
gsm-hard-b2-110,False,arithmetic,1
gsm-hard-b2-110,False,arithmetic,1
gsm-hard-b2-110,False,arithmetic,1
gsm-hard-b2-110,False,arithmetic,1
gsm-hard-b2-110,False,arithmetic,1
gsm-hard-b2-110,False,arithmetic,1
gsm-hard-b2-110,False,arithmetic,1
gsm-hard-b2-110,False,arithmetic,1
gsm-hard-b2-110,False,conclude,0
gsm-hard-b2-111,True,arithmetic,1
gsm-hard-b2-111,True,arithmetic,1
gsm-hard-b2-111,True,arithmetic,1
gsm-hard-b2-111,True,extract_fact,2
gsm-hard-b2-111,True,arithmetic,1
gsm-hard-b2-111,True,arithmetic,1
gsm-hard-b2-111,True,arithmetic,1
gsm-hard-b2-111,True,conclude,0
gsm-hard-b2-112,True,extract_fact,1
gsm-hard-b2-112,True,extract_fact,1
gsm-hard-b2-112,True,arithmetic,1
gsm-hard-b2-112,True,arithmetic,1
gsm-hard-b2-112,True,arithmetic,1
gsm-hard-b2-112,True,arithmetic,1
gsm-hard-b2-112,True,verify,1
gsm-hard-b2-112,True,conclude,0
gsm-hard-b2-113,False,extract_fact,1
gsm-hard-b2-113,False,extract_fact,1
gsm-hard-b2-113,False,arithmetic,1
gsm-hard-b2-113,False,arithmetic,1
gsm-hard-b2-113,False,arithmetic,1
gsm-hard-b2-113,False,arithmetic,1
gsm-hard-b2-113,False,conclude,0
gsm-hard-b2-114,True,extract_fact,1
gsm-hard-b2-114,True,extract_fact,2
gsm-hard-b2-114,True,arithmetic,1
gsm-hard-b2-114,True,arithmetic,1
gsm-hard-b2-114,True,arithmetic,1
gsm-hard-b2-114,True,arithmetic,1
gsm-hard-b2-114,True,conclude,0
gsm-hard-b2-115,True,extract_fact,1
gsm-hard-b2-115,True,extract_fact,1
gsm-hard-b2-115,True,arithmetic,1
gsm-hard-b2-115,True,arithmetic,1
gsm-hard-b2-115,True,extract_fact,1
gsm-hard-b2-115,True,arithmetic,1
gsm-hard-b2-115,True,conclude,0
gsm-hard-b2-116,True,extract_fact,1
gsm-hard-b2-116,True,extract_fact,2
gsm-hard-b2-116,True,extract_fact,1
gsm-hard-b2-116,True,arithmetic,1
gsm-hard-b2-116,True,arithmetic,1
gsm-hard-b2-116,True,arithmetic,1
gsm-hard-b2-116,True,conclude,0
gsm-hard-b2-117,True,extract_fact,3
gsm-hard-b2-117,True,arithmetic,1
gsm-hard-b2-117,True,arithmetic,1
gsm-hard-b2-117,True,arithmetic,1
gsm-hard-b2-117,True,arithmetic,1
gsm-hard-b2-117,True,arithmetic,1
gsm-hard-b2-117,True,conclude,0
gsm-hard-b2-118,True,extract_fact,2
gsm-hard-b2-118,True,extract_fact,1
gsm-hard-b2-118,True,extract_fact,1
gsm-hard-b2-118,True,arithmetic,1
gsm-hard-b2-118,True,arithmetic,1
gsm-hard-b2-118,True,arithmetic,1
gsm-hard-b2-118,True,conclude,0
gsm-hard-b2-119,True,extract_fact,2
gsm-hard-b2-119,True,extract_fact,1
gsm-hard-b2-119,True,other,1
gsm-hard-b2-119,True,other,1
gsm-hard-b2-119,True,arithmetic,1
gsm-hard-b2-119,True,substitute,1
gsm-hard-b2-119,True,arithmetic,1
gsm-hard-b2-119,True,arithmetic,1
gsm-hard-b2-119,True,arithmetic,1
gsm-hard-b2-119,True,arithmetic,2
gsm-hard-b2-119,True,verify,0
gsm-hard-b2-119,True,conclude,0
gsm-hard-b2-120,True,extract_fact,2
gsm-hard-b2-120,True,extract_fact,1
gsm-hard-b2-120,True,extract_fact,1
gsm-hard-b2-120,True,arithmetic,1
gsm-hard-b2-120,True,arithmetic,1
gsm-hard-b2-120,True,arithmetic,1
gsm-hard-b2-120,True,arithmetic,1
gsm-hard-b2-120,True,arithmetic,1
gsm-hard-b2-120,True,conclude,0
gsm-hard-b2-121,True,extract_fact,1
gsm-hard-b2-121,True,extract_fact,1
gsm-hard-b2-121,True,extract_fact,1
gsm-hard-b2-121,True,arithmetic,1
gsm-hard-b2-121,True,arithmetic,1
gsm-hard-b2-121,True,conclude,0
gsm-hard-b2-122,True,extract_fact,1
gsm-hard-b2-122,True,arithmetic,1
gsm-hard-b2-122,True,extract_fact,1
gsm-hard-b2-122,True,arithmetic,1
gsm-hard-b2-122,True,arithmetic,1
gsm-hard-b2-122,True,arithmetic,1
gsm-hard-b2-122,True,conclude,0
gsm-hard-b2-123,True,extract_fact,2
gsm-hard-b2-123,True,extract_fact,1
gsm-hard-b2-123,True,arithmetic,1
gsm-hard-b2-123,True,extract_fact,1
gsm-hard-b2-123,True,arithmetic,1
gsm-hard-b2-123,True,arithmetic,1
gsm-hard-b2-123,True,extract_fact,1
gsm-hard-b2-123,True,arithmetic,2
gsm-hard-b2-123,True,verify,0
gsm-hard-b2-123,True,conclude,0
gsm-hard-b2-124,True,extract_fact,2
gsm-hard-b2-124,True,extract_fact,2
gsm-hard-b2-124,True,extract_fact,2
gsm-hard-b2-124,True,arithmetic,1
gsm-hard-b2-124,True,arithmetic,1
gsm-hard-b2-124,True,arithmetic,1
gsm-hard-b2-124,True,arithmetic,1
gsm-hard-b2-124,True,arithmetic,1
gsm-hard-b2-124,True,conclude,0
gsm-hard-b2-125,False,extract_fact,1
gsm-hard-b2-125,False,arithmetic,1
gsm-hard-b2-125,False,extract_fact,1
gsm-hard-b2-125,False,extract_fact,1
gsm-hard-b2-125,False,arithmetic,1
gsm-hard-b2-125,False,arithmetic,1
gsm-hard-b2-125,False,arithmetic,1
gsm-hard-b2-125,False,extract_fact,1
gsm-hard-b2-125,False,arithmetic,1
gsm-hard-b2-125,False,conclude,0
gsm-hard-b2-126,True,extract_fact,1
gsm-hard-b2-126,True,extract_fact,2
gsm-hard-b2-126,True,substitute,1
gsm-hard-b2-126,True,arithmetic,1
gsm-hard-b2-126,True,arithmetic,1
gsm-hard-b2-126,True,substitute,1
gsm-hard-b2-126,True,arithmetic,1
gsm-hard-b2-126,True,arithmetic,1
gsm-hard-b2-126,True,arithmetic,1
gsm-hard-b2-126,True,conclude,0
gsm-hard-b2-127,True,extract_fact,1
gsm-hard-b2-127,True,arithmetic,1
gsm-hard-b2-127,True,extract_fact,1
gsm-hard-b2-127,True,arithmetic,1
gsm-hard-b2-127,True,arithmetic,1
gsm-hard-b2-127,True,conclude,0
gsm-hard-b2-128,True,extract_fact,1
gsm-hard-b2-128,True,extract_fact,1
gsm-hard-b2-128,True,arithmetic,1
gsm-hard-b2-128,True,arithmetic,1
gsm-hard-b2-128,True,conclude,0
gsm-hard-b2-129,True,extract_fact,1
gsm-hard-b2-129,True,arithmetic,1
gsm-hard-b2-129,True,arithmetic,1
gsm-hard-b2-129,True,conclude,0
gsm-hard-b2-130,True,extract_fact,1
gsm-hard-b2-130,True,extract_fact,1
gsm-hard-b2-130,True,extract_fact,1
gsm-hard-b2-130,True,arithmetic,1
gsm-hard-b2-130,True,arithmetic,1
gsm-hard-b2-130,True,extract_fact,1
gsm-hard-b2-130,True,arithmetic,1
gsm-hard-b2-130,True,conclude,0
gsm-hard-b2-131,True,extract_fact,1
gsm-hard-b2-131,True,extract_fact,1
gsm-hard-b2-131,True,extract_fact,2
gsm-hard-b2-131,True,arithmetic,1
gsm-hard-b2-131,True,arithmetic,1
gsm-hard-b2-131,True,arithmetic,1
gsm-hard-b2-131,True,arithmetic,1
gsm-hard-b2-131,True,conclude,0
gsm-hard-b2-132,True,extract_fact,3
gsm-hard-b2-132,True,extract_fact,0
gsm-hard-b2-132,True,arithmetic,1
gsm-hard-b2-132,True,arithmetic,1
gsm-hard-b2-132,True,arithmetic,1
gsm-hard-b2-132,True,extract_fact,1
gsm-hard-b2-132,True,arithmetic,1
gsm-hard-b2-132,True,conclude,0
gsm-hard-b2-133,True,extract_fact,1
gsm-hard-b2-133,True,extract_fact,1
gsm-hard-b2-133,True,arithmetic,1
gsm-hard-b2-133,True,arithmetic,1
gsm-hard-b2-133,True,arithmetic,1
gsm-hard-b2-133,True,arithmetic,1
gsm-hard-b2-133,True,conclude,0
gsm-hard-b2-134,True,extract_fact,1
gsm-hard-b2-134,True,extract_fact,1
gsm-hard-b2-134,True,arithmetic,1
gsm-hard-b2-134,True,arithmetic,1
gsm-hard-b2-134,True,arithmetic,1
gsm-hard-b2-134,True,conclude,0
gsm-hard-b2-135,True,extract_fact,3
gsm-hard-b2-135,True,extract_fact,3
gsm-hard-b2-135,True,extract_fact,1
gsm-hard-b2-135,True,arithmetic,1
gsm-hard-b2-135,True,arithmetic,1
gsm-hard-b2-135,True,arithmetic,1
gsm-hard-b2-135,True,arithmetic,1
gsm-hard-b2-135,True,arithmetic,1
gsm-hard-b2-135,True,conclude,0
gsm-hard-b2-136,True,extract_fact,1
gsm-hard-b2-136,True,extract_fact,1
gsm-hard-b2-136,True,extract_fact,1
gsm-hard-b2-136,True,extract_fact,1
gsm-hard-b2-136,True,arithmetic,1
gsm-hard-b2-136,True,arithmetic,1
gsm-hard-b2-136,True,arithmetic,1
gsm-hard-b2-136,True,conclude,0
gsm-hard-b2-137,True,extract_fact,1
gsm-hard-b2-137,True,extract_fact,2
gsm-hard-b2-137,True,extract_fact,1
gsm-hard-b2-137,True,arithmetic,1
gsm-hard-b2-137,True,arithmetic,1
gsm-hard-b2-137,True,arithmetic,1
gsm-hard-b2-137,True,conclude,0
gsm-hard-b2-138,True,extract_fact,1
gsm-hard-b2-138,True,extract_fact,1
gsm-hard-b2-138,True,extract_fact,1
gsm-hard-b2-138,True,arithmetic,1
gsm-hard-b2-138,True,arithmetic,1
gsm-hard-b2-138,True,conclude,0
gsm-hard-b2-139,True,extract_fact,1
gsm-hard-b2-139,True,arithmetic,1
gsm-hard-b2-139,True,extract_fact,1
gsm-hard-b2-139,True,arithmetic,1
gsm-hard-b2-139,True,arithmetic,1
gsm-hard-b2-139,True,conclude,0
gsm-hard-b2-140,True,extract_fact,1
gsm-hard-b2-140,True,extract_fact,1
gsm-hard-b2-140,True,extract_fact,1
gsm-hard-b2-140,True,arithmetic,1
gsm-hard-b2-140,True,arithmetic,1
gsm-hard-b2-140,True,conclude,0
gsm-hard-b2-141,True,extract_fact,1
gsm-hard-b2-141,True,extract_fact,1
gsm-hard-b2-141,True,extract_fact,1
gsm-hard-b2-141,True,arithmetic,1
gsm-hard-b2-141,True,arithmetic,1
gsm-hard-b2-141,True,arithmetic,1
gsm-hard-b2-141,True,arithmetic,1
gsm-hard-b2-141,True,conclude,0
gsm-hard-b2-142,True,extract_fact,1
gsm-hard-b2-142,True,extract_fact,1
gsm-hard-b2-142,True,extract_fact,1
gsm-hard-b2-142,True,extract_fact,1
gsm-hard-b2-142,True,extract_fact,1
gsm-hard-b2-142,True,arithmetic,1
gsm-hard-b2-142,True,arithmetic,1
gsm-hard-b2-142,True,arithmetic,1
gsm-hard-b2-142,True,arithmetic,1
gsm-hard-b2-142,True,conclude,0
gsm-hard-b2-143,True,extract_fact,2
gsm-hard-b2-143,True,extract_fact,2
gsm-hard-b2-143,True,arithmetic,1
gsm-hard-b2-143,True,arithmetic,1
gsm-hard-b2-143,True,arithmetic,1
gsm-hard-b2-143,True,extract_fact,1
gsm-hard-b2-143,True,arithmetic,1
gsm-hard-b2-143,True,arithmetic,1
gsm-hard-b2-143,True,conclude,0
gsm-hard-b2-144,True,extract_fact,2
gsm-hard-b2-144,True,extract_fact,2
gsm-hard-b2-144,True,arithmetic,1
gsm-hard-b2-144,True,arithmetic,1
gsm-hard-b2-144,True,arithmetic,1
gsm-hard-b2-144,True,arithmetic,1
gsm-hard-b2-144,True,arithmetic,1
gsm-hard-b2-144,True,conclude,0
gsm-hard-b2-145,True,extract_fact,1
gsm-hard-b2-145,True,extract_fact,1
gsm-hard-b2-145,True,extract_fact,1
gsm-hard-b2-145,True,arithmetic,1
gsm-hard-b2-145,True,arithmetic,1
gsm-hard-b2-145,True,arithmetic,1
gsm-hard-b2-145,True,conclude,0
gsm-hard-b2-146,True,extract_fact,1
gsm-hard-b2-146,True,extract_fact,1
gsm-hard-b2-146,True,extract_fact,1
gsm-hard-b2-146,True,arithmetic,1
gsm-hard-b2-146,True,arithmetic,1
gsm-hard-b2-146,True,arithmetic,1
gsm-hard-b2-146,True,arithmetic,1
gsm-hard-b2-146,True,conclude,0
gsm-hard-b2-147,True,extract_fact,1
gsm-hard-b2-147,True,extract_fact,1
gsm-hard-b2-147,True,extract_fact,1
gsm-hard-b2-147,True,arithmetic,1
gsm-hard-b2-147,True,arithmetic,1
gsm-hard-b2-147,True,arithmetic,1
gsm-hard-b2-147,True,arithmetic,1
gsm-hard-b2-147,True,conclude,0
gsm-hard-b2-148,False,extract_fact,1
gsm-hard-b2-148,False,extract_fact,1
gsm-hard-b2-148,False,extract_fact,1
gsm-hard-b2-148,False,arithmetic,1
gsm-hard-b2-148,False,arithmetic,1
gsm-hard-b2-148,False,conclude,0
gsm-hard-b2-149,True,extract_fact,2
gsm-hard-b2-149,True,extract_fact,2
gsm-hard-b2-149,True,extract_fact,2
gsm-hard-b2-149,True,other,0
gsm-hard-b2-149,True,arithmetic,1
gsm-hard-b2-149,True,arithmetic,1
gsm-hard-b2-149,True,arithmetic,1
gsm-hard-b2-149,True,conclude,0
gsm-hard-49,False,extract_fact,2
gsm-hard-49,False,extract_fact,1
gsm-hard-49,False,extract_fact,1
gsm-hard-49,False,arithmetic,3
gsm-hard-49,False,arithmetic,2
gsm-hard-49,False,other,0
gsm-hard-49,False,arithmetic,1
gsm-hard-49,False,arithmetic,1
gsm-hard-49,False,arithmetic,1
gsm-hard-49,False,arithmetic,1
gsm-hard-49,False,conclude,0
gsm-hard-b2-0,False,extract_fact,2
gsm-hard-b2-0,False,extract_fact,2
gsm-hard-b2-0,False,arithmetic,1
gsm-hard-b2-0,False,arithmetic,1
gsm-hard-b2-0,False,arithmetic,1
gsm-hard-b2-0,False,extract_fact,1
gsm-hard-b2-0,False,arithmetic,1
gsm-hard-b2-0,False,conclude,0
gsm-hard-b2-1,False,extract_fact,3
gsm-hard-b2-1,False,extract_fact,2
gsm-hard-b2-1,False,extract_fact,1
gsm-hard-b2-1,False,extract_fact,3
gsm-hard-b2-1,False,substitute,1
gsm-hard-b2-1,False,arithmetic,1
gsm-hard-b2-1,False,arithmetic,1
gsm-hard-b2-1,False,arithmetic,1
gsm-hard-b2-1,False,verify,1
gsm-hard-b2-1,False,other,1
gsm-hard-b2-1,False,other,1
gsm-hard-b2-1,False,verify,1
gsm-hard-b2-1,False,conclude,0
gsm-hard-b2-2,False,extract_fact,3
gsm-hard-b2-2,False,extract_fact,1
gsm-hard-b2-2,False,other,1
gsm-hard-b2-2,False,substitute,1
gsm-hard-b2-2,False,arithmetic,1
gsm-hard-b2-2,False,arithmetic,1
gsm-hard-b2-2,False,arithmetic,1
gsm-hard-b2-2,False,arithmetic,1
gsm-hard-b2-2,False,arithmetic,1
gsm-hard-b2-2,False,conclude,0
gsm-hard-b2-3,True,extract_fact,1
gsm-hard-b2-3,True,extract_fact,1
gsm-hard-b2-3,True,substitute,1
gsm-hard-b2-3,True,arithmetic,2
gsm-hard-b2-3,True,arithmetic,1
gsm-hard-b2-3,True,arithmetic,2
gsm-hard-b2-3,True,verify,1
gsm-hard-b2-3,True,conclude,0
gsm-hard-b2-4,True,extract_fact,1
gsm-hard-b2-4,True,extract_fact,1
gsm-hard-b2-4,True,extract_fact,1
gsm-hard-b2-4,True,arithmetic,1
gsm-hard-b2-4,True,arithmetic,1
gsm-hard-b2-4,True,conclude,0
gsm-hard-b2-5,True,extract_fact,1
gsm-hard-b2-5,True,extract_fact,1
gsm-hard-b2-5,True,extract_fact,1
gsm-hard-b2-5,True,arithmetic,1
gsm-hard-b2-5,True,arithmetic,1
gsm-hard-b2-5,True,conclude,0
gsm-hard-b2-6,False,extract_fact,2
gsm-hard-b2-6,False,extract_fact,1
gsm-hard-b2-6,False,extract_fact,1
gsm-hard-b2-6,False,arithmetic,2
gsm-hard-b2-6,False,arithmetic,1
gsm-hard-b2-6,False,arithmetic,1
gsm-hard-b2-6,False,arithmetic,2
gsm-hard-b2-6,False,verify,1
gsm-hard-b2-6,False,conclude,0
gsm-hard-b2-7,True,extract_fact,1
gsm-hard-b2-7,True,extract_fact,1
gsm-hard-b2-7,True,extract_fact,1
gsm-hard-b2-7,True,arithmetic,1
gsm-hard-b2-7,True,arithmetic,1
gsm-hard-b2-7,True,arithmetic,1
gsm-hard-b2-7,True,conclude,0
